{"cameraMode":{"drawMode":0,"name":"Shaded","section":"Shading Mode"},"sceneLighting":true,"audioPlay":false,"sceneViewState":{"showFog":true,"showMaterialUpdate":false,"showSkybox":true,"showFlares":true,"showImageEffects":true,"showParticleSystems":true},"in2DMode":false,"pivot":{"x":11.091118812561036,"y":2.9355640411376955,"z":-2.331639289855957},"rotation":{"x":0.01867268793284893,"y":0.965968668460846,"z":-0.07288457453250885,"w":0.24747677147388459},"size":10.0,"orthographic":false}